"Timestamp","I am a","age","Gender","branch","school","year","GPA ( approximate)","Rate your academic performance satisfaction.","If you do a job, choose your job level.","If you do a job,  Rate your job satisfaction.","Rate your work life balance satisfaction","How satisfied are you with the campus facilities ex-: classrooms, libraries, laboratories?","How far course module content met your expectations?","How satisfied are you with the availability and quality of support services?","Rate your experience of campus extracurricular activities?   ","Rate your life of NIBM "
"2023/07/20 8:52:03 AM GMT+5:30","Current NIBM student","20-25","Female","Kandy","Computing","2","3","3","","","3","3","4","4","4","4"
"2023/07/20 10:27:01 AM GMT+5:30","Current NIBM student","20-25","Male","Colombo","Computing","2","2.5","4","Intermediate level","5","5","5","5","4","4","4"
"2023/07/20 10:36:49 AM GMT+5:30","Current NIBM student","20-25","Female","Rajagiriya","Business","3","2.5","3","Mid level","5","4","1","2","3","2","3"
"2023/07/20 10:39:01 AM GMT+5:30","Current NIBM student","20-25","Male","Colombo","Computing","2","3","4","Entry level","3","4","4","3","4","4","4"
"2023/07/20 12:00:14 PM GMT+5:30","Current NIBM student","20-25","Female","Colombo","Computing","2","3.5","3","Entry level","","3","4","4","4","3","4"
"2023/07/20 12:37:36 PM GMT+5:30","Current NIBM student","20-25","Female","Colombo","Computing","2","4","4","","","3","3","3","2","2","2"
"2023/07/20 12:44:15 PM GMT+5:30","Current NIBM student","20-25","Male","Kandy","Computing","1","3.5","4","Intermediate level","4","4","2","3","3","3","3"
"2023/07/20 12:48:06 PM GMT+5:30","Current NIBM student","20-25","Female","Kandy","Computing","2","0","3","Entry level","3","3","3","3","3","2","3"
"2023/07/20 1:03:29 PM GMT+5:30","Current NIBM student","25-30","Male","Colombo","Computing","4","3.5","3","Intermediate level","3","4","3","4","2","4","3"
"2023/07/20 1:58:29 PM GMT+5:30","Current NIBM student","20-25","Female","Kandy","Computing","2","3.5","3","Intermediate level","2","4","1","3","1","1","2"
"2023/07/20 6:22:40 PM GMT+5:30","Current NIBM student","20-25","Male","Colombo","Computing","2","3","3","","","3","2","3","3","2","2"
"2023/07/20 7:24:21 PM GMT+5:30","Current NIBM student","20-25","Male","Kandy","Computing","1","3","4","Mid level","4","4","5","5","4","4","5"
"2023/07/23 7:17:14 AM GMT+5:30","Current NIBM student","15-20","Prefer not to say","Mathara","Business","1","0","1","","","3","2","3","3","1","1"
"2023/07/24 8:20:21 AM GMT+5:30","Current NIBM student","15-20","Male","Kandy","Engineering","below 1","3","4","Entry level","3","3","3","3","3","4","4"
"2023/07/25 6:06:45 PM GMT+5:30","Current NIBM student","20-25","Male","Kandy","Computing","2","3","3","Intermediate level","1","3","2","3","2","1","2"
"2023/07/26 6:44:13 PM GMT+5:30","Current NIBM student","20-25","Male","Kandy","Computing","2","3.5","4","","","1","3","3","3","2","2"
"2023/07/28 9:33:16 PM GMT+5:30","Current NIBM student","15-20","Prefer not to say","Kandy","Computing","1","3.5","3","","","3","2","3","1","1","2"
"2023/09/17 1:41:59 AM GMT+5:30","Current NIBM student","20-25","Male","Colombo","Computing","4","3.5","3","Intermediate level","4","3","4","4","4","3","4"
"2023/09/17 2:04:14 AM GMT+5:30","Past NIBM student","20-25","Male","Kandy","Business","3","4","5","Intermediate level","5","5","5","4","5","5","5"
"2023/09/17 2:43:56 AM GMT+5:30","Current NIBM student","15-20","Male","Colombo","Computing","1","3","4","","","4","5","5","3","5","5"
"2023/09/17 2:44:02 AM GMT+5:30","Current NIBM student","20-25","Male","Colombo","Computing","1","2","3","","","3","1","1","1","1","2"
"2023/09/17 2:44:14 AM GMT+5:30","Current NIBM student","20-25","Female","Colombo","Computing","1","3.5","5","","","4","4","4","4","4","4"
"2023/09/17 2:44:19 AM GMT+5:30","Current NIBM student","20-25","Male","Colombo","Engineering","1","0","2","","","4","3","3","2","2","2"
"2023/09/17 2:44:23 AM GMT+5:30","Current NIBM student","15-20","Male","Colombo","Computing","1","2","3","","","3","1","1","1","1","1"
"2023/09/17 2:47:39 AM GMT+5:30","Current NIBM student","25-30","Male","Colombo","Computing","1","2","4","Mid level","4","4","5","1","4","3","5"
"2023/09/17 3:16:33 AM GMT+5:30","Current NIBM student","15-20","Female","Colombo","Computing","1","3","5","","","3","4","5","4","4","4"
"2023/09/17 5:20:23 AM GMT+5:30","Current NIBM student","15-20","Male","Mathara","Business","below 1","0","1","","","1","1","3","2","1","1"
"2023/09/17 5:59:36 AM GMT+5:30","Current NIBM student","15-20","Male","Colombo","Computing","2","3.5","3","Entry level","3","1","1","1","1","1","1"
"2023/09/17 6:04:10 AM GMT+5:30","Current NIBM student","20-25","Male","Colombo","Computing","2","3.5","4","Entry level","4","3","3","4","3","2","3"
"2023/09/17 6:11:57 AM GMT+5:30","Current NIBM student","20-25","Male","Colombo","Computing","1","4","4","","","4","4","3","2","3","3"
"2023/09/17 6:29:22 AM GMT+5:30","Current NIBM student","20-25","Female","Colombo","Computing","1","2","5","Senior level","5","5","5","5","5","1","5"
"2023/09/17 6:54:54 AM GMT+5:30","Current NIBM student","15-20","Male","Colombo","Computing","1","4","5","Entry level","5","5","3","4","3","1","4"
"2023/09/17 7:05:57 AM GMT+5:30","Current NIBM student","20-25","Female","Colombo","Computing","1","4","5","","","4","4","5","5","4","4"
"2023/09/17 7:14:43 AM GMT+5:30","Current NIBM student","15-20","Male","Colombo","Computing","1","4","4","","","4","3","3","4","3","4"
"2023/09/17 7:18:20 AM GMT+5:30","Current NIBM student","20-25","Female","Colombo","Computing","1","1.5","4","Entry level","1","3","1","1","1","1","1"
"2023/09/17 7:18:52 AM GMT+5:30","Current NIBM student","20-25","Male","Colombo","Computing","1","3","3","Entry level","2","1","2","2","2","2","2"
"2023/09/17 7:23:38 AM GMT+5:30","Current NIBM student","15-20","Female","Colombo","Computing","1","0","4","Entry level","3","5","3","5","3","2","3"
"2023/09/17 7:27:39 AM GMT+5:30","Current NIBM student","20-25","Male","Colombo","Computing","1","2.5","3","","","2","2","2","2","2","2"
"2023/09/17 7:38:51 AM GMT+5:30","Past NIBM student","20-25","Female","Colombo","Productivity and quality center","1","3.5","5","","","4","4","4","4","4","5"
"2023/09/17 7:47:48 AM GMT+5:30","Current NIBM student","15-20","Male","Colombo","Computing","1","3","3","Mid level","2","2","3","3","3","2","2"
"2023/09/17 7:47:58 AM GMT+5:30","Current NIBM student","15-20","Female","Colombo","Computing","1","3","3","","","2","3","3","3","2","3"
"2023/09/17 7:50:48 AM GMT+5:30","Current NIBM student","20-25","Female","Colombo","Computing","1","3","3","","","3","3","3","3","3","4"
"2023/09/17 7:57:49 AM GMT+5:30","Current NIBM student","20-25","Female","Colombo","Computing","1","3.5","4","Entry level","1","4","4","4","4","5","4"
"2023/09/17 8:00:25 AM GMT+5:30","Current NIBM student","20-25","Male","Colombo","Computing","1","3.5","3","","","2","4","2","2","2","2"
"2023/09/17 8:11:27 AM GMT+5:30","Current NIBM student","20-25","Male","Kurunagala","Business","2","3.5","4","Entry level","","5","4","4","4","2","4"
"2023/09/17 8:21:44 AM GMT+5:30","Current NIBM student","20-25","Male","Colombo","Computing","1","3.5","5","","","3","5","5","5","5","5"
"2023/09/17 8:23:43 AM GMT+5:30","Current NIBM student","15-20","Male","Colombo","Computing","1","3","4","","","4","2","4","5","4","4"
"2023/09/17 8:40:40 AM GMT+5:30","Current NIBM student","20-25","Male","Colombo","Computing","2","3","4","Entry level","5","5","4","4","4","4","4"
"2023/09/17 8:46:08 AM GMT+5:30","Current NIBM student","20-25","Male","Colombo","Computing","2","3.5","4","Entry level","4","4","3","4","4","2","3"
"2023/09/17 8:46:58 AM GMT+5:30","Current NIBM student","20-25","Male","Colombo","Computing","1","3.5","3","","","2","4","3","4","1","4"
"2023/09/17 8:51:38 AM GMT+5:30","Current NIBM student","20-25","Male","Colombo","Computing","1","3.5","4","","","4","4","4","4","4","4"
"2023/09/17 9:07:57 AM GMT+5:30","Current NIBM student","15-20","Female","Colombo","Computing","1","0","5","","","5","5","4","4","2","5"
"2023/09/17 9:19:25 AM GMT+5:30","Current NIBM student","20-25","Male","Colombo","Computing","2","3","1","Entry level","2","1","2","2","2","2","3"
"2023/09/17 9:23:20 AM GMT+5:30","Current NIBM student","20-25","Male","Colombo","Computing","1","0","4","","","4","4","4","4","3","4"
"2023/09/17 9:29:01 AM GMT+5:30","Current NIBM student","15-20","Male","Colombo","Computing","1","4","5","","","4","4","4","4","4","4"
"2023/09/17 9:40:46 AM GMT+5:30","Current NIBM student","20-25","Female","Colombo","Computing","1","3","3","Entry level","","4","2","3","3","1","1"
"2023/09/17 9:47:46 AM GMT+5:30","Current NIBM student","15-20","Female","Colombo","Computing","1","3.5","5","Mid level","5","4","4","4","3","4","4"
"2023/09/17 10:11:53 AM GMT+5:30","Current NIBM student","15-20","Male","Colombo","Computing","2","3.5","4","Entry level","3","3","4","3","3","2","4"
"2023/09/17 10:18:47 AM GMT+5:30","Current NIBM student","20-25","Male","Colombo","Computing","below 1","4","4","","","3","3","3","3","1","3"
"2023/09/17 10:29:34 AM GMT+5:30","Current NIBM student","15-20","Male","Colombo","Computing","1","3","3","Intermediate level","3","3","3","3","2","2","3"
"2023/09/17 10:58:59 AM GMT+5:30","Current NIBM student","15-20","Male","Colombo","Computing","1","3.5","3","Entry level","5","3","3","3","3","2","3"
"2023/09/17 11:04:36 AM GMT+5:30","Current NIBM student","20-25","Male","Colombo","Computing","1","2","3","Entry level","3","3","3","3","2","2","4"
"2023/09/17 11:07:37 AM GMT+5:30","Current NIBM student","20-25","Female","Colombo","Computing","1","4","1","Entry level","4","4","2","2","3","5","2"
"2023/09/17 11:13:55 AM GMT+5:30","Current NIBM student","20-25","Male","Colombo","Computing","2","3","3","","","4","3","3","3","3","3"
"2023/09/17 11:14:30 AM GMT+5:30","Current NIBM student","15-20","Male","Colombo","Engineering","1","0","1","Entry level","1","1","1","1","1","1","1"
"2023/09/17 11:54:00 AM GMT+5:30","Current NIBM student","20-25","Female","Colombo","Computing","1","3.5","1","Entry level","2","2","5","5","5","5","5"
"2023/09/17 11:59:16 AM GMT+5:30","Current NIBM student","20-25","Male","Colombo","Computing","2","2","1","Entry level","2","3","4","4","4","2","3"
"2023/09/17 12:39:57 PM GMT+5:30","Current NIBM student","20-25","Male","Colombo","Computing","1","3.5","3","Intermediate level","3","3","2","1","2","1","2"
"2023/09/17 12:46:04 PM GMT+5:30","Past NIBM student","20-25","Male","Colombo","Computing","above 4","4","5","Senior level","5","5","5","5","5","5","5"
"2023/09/17 2:36:12 PM GMT+5:30","Current NIBM student","15-20","Female","Colombo","Computing","1","3","3","Entry level","4","3","2","2","2","2","2"
"2023/09/17 3:11:28 PM GMT+5:30","Current NIBM student","20-25","Male","Colombo","Computing","2","4","2","Entry level","2","3","1","2","2","1","2"
"2023/09/17 3:32:58 PM GMT+5:30","Past NIBM student","20-25","Female","Mathara","Computing","2","3.5","4","Entry level","4","4","4","3","3","4","5"
"2023/09/17 3:43:11 PM GMT+5:30","Current NIBM student","20-25","Male","Kirulapone","Business analytics center","1","3.5","2","","","1","1","1","1","1","1"
"2023/09/17 4:00:52 PM GMT+5:30","Current NIBM student","20-25","Female","Colombo","Computing","1","0","3","","","2","3","4","3","2","2"
"2023/09/17 4:28:04 PM GMT+5:30","Current NIBM student","15-20","Male","Kurunagala","Computing","1","3.5","4","Intermediate level","5","3","4","3","5","3","3"
"2023/09/17 5:37:39 PM GMT+5:30","Current NIBM student","20-25","Male","Colombo","Computing","3","3.5","3","Entry level","5","3","3","3","2","1","3"
"2023/09/17 6:43:19 PM GMT+5:30","Current NIBM student","20-25","Male","Colombo","Computing","1","3.5","4","Entry level","3","3","4","3","3","3","4"
"2023/09/17 7:09:26 PM GMT+5:30","Current NIBM student","15-20","Male","Colombo","Computing","1","3","4","Entry level","4","4","3","4","5","4","4"
"2023/09/17 8:37:34 PM GMT+5:30","Current NIBM student","20-25","Male","Colombo","Computing","below 1","4","4","Entry level","1","1","3","4","4","1","2"
"2023/09/17 10:39:17 PM GMT+5:30","Current NIBM student","20-25","Female","Kandy","Computing","2","3","4","","","2","2","4","2","2","2"